{"cameraMode":{"drawMode":0,"name":"Shaded","section":"Shading Mode"},"sceneLighting":false,"audioPlay":false,"sceneViewState":{"m_AlwaysRefresh":true,"showFog":true,"showSkybox":false,"showFlares":true,"showImageEffects":true,"showParticleSystems":true,"showVisualEffectGraphs":true,"m_FxEnabled":true},"in2DMode":false,"pivot":{"x":4.999998569488525,"y":3.0370583534240724,"z":-22.65999984741211},"rotation":{"x":-0.33182334899902346,"y":-0.028853366151452066,"z":0.010154809802770615,"w":-0.9428530931472778},"size":37.19310760498047,"orthographic":false}