{"cameraMode":{"drawMode":0,"name":"Shaded","section":"Shading Mode"},"sceneLighting":false,"audioPlay":false,"sceneViewState":{"m_AlwaysRefresh":true,"showFog":true,"showSkybox":false,"showFlares":true,"showImageEffects":true,"showParticleSystems":true,"showVisualEffectGraphs":true,"m_FxEnabled":true},"in2DMode":false,"pivot":{"x":-1.9403321743011475,"y":-2.87634539604187,"z":10.703536987304688},"rotation":{"x":-0.22067271173000337,"y":-0.057597752660512927,"z":0.013055206276476384,"w":-0.9735658168792725},"size":31.22043228149414,"orthographic":false}