{"cameraMode":{"drawMode":0,"name":"Shaded","section":"Shading Mode"},"sceneLighting":false,"audioPlay":false,"sceneViewState":{"m_AlwaysRefresh":true,"showFog":true,"showSkybox":false,"showFlares":true,"showImageEffects":true,"showParticleSystems":true,"showVisualEffectGraphs":true,"m_FxEnabled":true},"in2DMode":false,"pivot":{"x":-10.373034477233887,"y":-6.438261032104492,"z":9.991146087646485},"rotation":{"x":-0.22067271173000337,"y":-0.057597752660512927,"z":0.013055206276476384,"w":-0.9735658168792725},"size":25.084285736083986,"orthographic":false}