{"cameraMode":{"drawMode":0,"name":"Shaded","section":"Shading Mode"},"sceneLighting":false,"audioPlay":false,"sceneViewState":{"m_AlwaysRefresh":true,"showFog":true,"showSkybox":false,"showFlares":true,"showImageEffects":true,"showParticleSystems":true,"showVisualEffectGraphs":true,"m_FxEnabled":true},"in2DMode":false,"pivot":{"x":0.9075136184692383,"y":-1.4638357162475587,"z":4.1984968185424809},"rotation":{"x":-0.3011595904827118,"y":0.1499350666999817,"z":-0.04801339656114578,"w":-0.9404938817024231},"size":10.196748733520508,"orthographic":false}