{"cameraMode":{"drawMode":0,"name":"Shaded","section":"Shading Mode"},"sceneLighting":false,"audioPlay":false,"sceneViewState":{"m_AlwaysRefresh":true,"showFog":true,"showSkybox":false,"showFlares":true,"showImageEffects":true,"showParticleSystems":true,"showVisualEffectGraphs":true,"m_FxEnabled":true},"in2DMode":false,"pivot":{"x":-0.07823562622070313,"y":0.21147441864013673,"z":5.627494812011719},"rotation":{"x":0.23401708900928498,"y":-0.6285898685455322,"z":0.20649434626102448,"w":0.7123714685440064},"size":7.569723129272461,"orthographic":false}