{"cameraMode":{"drawMode":0,"name":"Shaded","section":"Shading Mode"},"sceneLighting":false,"audioPlay":false,"sceneViewState":{"m_AlwaysRefresh":true,"showFog":true,"showSkybox":false,"showFlares":true,"showImageEffects":true,"showParticleSystems":true,"showVisualEffectGraphs":true,"m_FxEnabled":true},"in2DMode":false,"pivot":{"x":-2.1377031803131105,"y":-1.7825884819030762,"z":-1.3721346855163575},"rotation":{"x":-0.1606859266757965,"y":0.012739287689328194,"z":-0.002074004616588354,"w":-0.9869283437728882},"size":22.329858779907228,"orthographic":false}