{"cameraMode":{"drawMode":0,"name":"Shaded","section":"Shading Mode"},"sceneLighting":false,"audioPlay":false,"sceneViewState":{"m_AlwaysRefresh":true,"showFog":true,"showSkybox":false,"showFlares":true,"showImageEffects":true,"showParticleSystems":true,"showVisualEffectGraphs":true,"m_FxEnabled":true},"in2DMode":false,"pivot":{"x":2.1171865463256838,"y":-4.827261924743652,"z":0.11490631103515625},"rotation":{"x":-0.2860732972621918,"y":-0.1690358817577362,"z":0.051345497369766238,"w":-0.9417896866798401},"size":23.676143646240236,"orthographic":false}