{"cameraMode":{"drawMode":0,"name":"Shaded","section":"Shading Mode"},"sceneLighting":false,"audioPlay":false,"sceneViewState":{"m_AlwaysRefresh":true,"showFog":true,"showSkybox":false,"showFlares":true,"showImageEffects":true,"showParticleSystems":true,"showVisualEffectGraphs":true,"m_FxEnabled":true},"in2DMode":false,"pivot":{"x":1.044031023979187,"y":14.239572525024414,"z":33.1446533203125},"rotation":{"x":0.10868225991725922,"y":0.0044729760847985748,"z":-0.0004902142100036144,"w":0.9940709471702576},"size":62.6989860534668,"orthographic":false}