{"cameraMode":{"drawMode":0,"name":"Shaded","section":"Shading Mode"},"sceneLighting":false,"audioPlay":false,"sceneViewState":{"m_AlwaysRefresh":true,"showFog":true,"showSkybox":false,"showFlares":true,"showImageEffects":true,"showParticleSystems":true,"showVisualEffectGraphs":true,"m_FxEnabled":true},"in2DMode":false,"pivot":{"x":1.6201825141906739,"y":1.8144350051879883,"z":1.294356346130371},"rotation":{"x":-0.30631834268569949,"y":0.02085217833518982,"z":-0.0067116073332726959,"w":-0.9516843557357788},"size":33.90065383911133,"orthographic":false}