{"cameraMode":{"drawMode":0,"name":"Shaded","section":"Shading Mode"},"sceneLighting":false,"audioPlay":false,"sceneViewState":{"m_AlwaysRefresh":true,"showFog":true,"showSkybox":false,"showFlares":true,"showImageEffects":true,"showParticleSystems":true,"showVisualEffectGraphs":true,"m_FxEnabled":true},"in2DMode":false,"pivot":{"x":-5.564913749694824,"y":14.408645629882813,"z":15.798179626464844},"rotation":{"x":-0.3851727247238159,"y":0.004990063142031431,"z":-0.0020828277338296177,"w":-0.9228368997573853},"size":69.06027221679688,"orthographic":false}