{"cameraMode":{"drawMode":0,"name":"Shaded","section":"Shading Mode"},"sceneLighting":false,"audioPlay":false,"sceneViewState":{"m_AlwaysRefresh":true,"showFog":true,"showSkybox":false,"showFlares":true,"showImageEffects":true,"showParticleSystems":true,"showVisualEffectGraphs":true,"m_FxEnabled":true},"in2DMode":false,"pivot":{"x":3.7794559001922609,"y":13.249967575073243,"z":18.213613510131837},"rotation":{"x":-0.21657384932041169,"y":0.028704818338155748,"z":-0.006370684131979942,"w":-0.9758309125900269},"size":17.351198196411134,"orthographic":false}