{"cameraMode":{"drawMode":0,"name":"Shaded","section":"Shading Mode"},"sceneLighting":false,"audioPlay":false,"sceneViewState":{"m_AlwaysRefresh":true,"showFog":true,"showSkybox":false,"showFlares":true,"showImageEffects":true,"showParticleSystems":true,"showVisualEffectGraphs":true,"m_FxEnabled":true},"in2DMode":false,"pivot":{"x":-0.0010202229022979737,"y":0.26695209741592409,"z":-0.0001595914363861084},"rotation":{"x":-0.3011595904827118,"y":0.1499350666999817,"z":-0.04801339656114578,"w":-0.9404938817024231},"size":0.4637683033943176,"orthographic":false}