{"cameraMode":{"drawMode":0,"name":"Shaded","section":"Shading Mode"},"sceneLighting":false,"audioPlay":false,"sceneViewState":{"m_AlwaysRefresh":true,"showFog":true,"showSkybox":false,"showFlares":true,"showImageEffects":true,"showParticleSystems":true,"showVisualEffectGraphs":true,"m_FxEnabled":true},"in2DMode":false,"pivot":{"x":2.5027449131011965,"y":-18.51518440246582,"z":9.66920280456543},"rotation":{"x":-0.2978063225746155,"y":-0.006293987389653921,"z":0.0019617597572505476,"w":-0.9546117782592773},"size":33.140445709228519,"orthographic":false}