{"cameraMode":{"drawMode":0,"name":"Shaded","section":"Shading Mode"},"sceneLighting":false,"audioPlay":false,"sceneViewState":{"m_AlwaysRefresh":true,"showFog":true,"showSkybox":false,"showFlares":true,"showImageEffects":true,"showParticleSystems":true,"showVisualEffectGraphs":true,"m_FxEnabled":true},"in2DMode":false,"pivot":{"x":-0.0000016689300537109376,"y":3.0370583534240724,"z":24.600000381469728},"rotation":{"x":-0.2978063225746155,"y":-0.006293987389653921,"z":0.0019617597572505476,"w":-0.9546117782592773},"size":7.100490093231201,"orthographic":false}