{"cameraMode":{"drawMode":0,"name":"Shaded","section":"Shading Mode"},"sceneLighting":false,"audioPlay":false,"sceneViewState":{"m_AlwaysRefresh":true,"showFog":true,"showSkybox":false,"showFlares":true,"showImageEffects":true,"showParticleSystems":true,"showVisualEffectGraphs":true,"m_FxEnabled":true},"in2DMode":false,"pivot":{"x":0.05270397663116455,"y":3.38201904296875,"z":-20.12961196899414},"rotation":{"x":-0.26467958092689516,"y":0.013892963528633118,"z":-0.0038135601207613947,"w":-0.9642365574836731},"size":5.162338733673096,"orthographic":false}