{"cameraMode":{"drawMode":0,"name":"Shaded","section":"Shading Mode"},"sceneLighting":false,"audioPlay":false,"sceneViewState":{"m_AlwaysRefresh":true,"showFog":true,"showSkybox":false,"showFlares":true,"showImageEffects":true,"showParticleSystems":true,"showVisualEffectGraphs":true,"m_FxEnabled":true},"in2DMode":false,"pivot":{"x":6.2844061851501469,"y":0.3797760009765625,"z":-17.755109786987306},"rotation":{"x":-0.26467958092689516,"y":0.013892963528633118,"z":-0.0038135601207613947,"w":-0.9642365574836731},"size":14.337289810180664,"orthographic":false}