{"cameraMode":{"drawMode":0,"name":"Shaded","section":"Shading Mode"},"sceneLighting":false,"audioPlay":false,"sceneViewState":{"m_AlwaysRefresh":true,"showFog":true,"showSkybox":false,"showFlares":true,"showImageEffects":true,"showParticleSystems":true,"showVisualEffectGraphs":true,"m_FxEnabled":true},"in2DMode":false,"pivot":{"x":5.656815528869629,"y":5.199071884155273,"z":3.1435582637786867},"rotation":{"x":0.23401708900928498,"y":-0.6285898685455322,"z":0.20649434626102448,"w":0.7123714685440064},"size":3.9928390979766847,"orthographic":false}